t_mm,sub-01,sub-02,sub-03,sub-04,sub-05,sub-06,sub-07,sub-08,sub-09,sub-10,sub-11,sub-12,sub-13,sub-14,sub-15,sub-16
0.000000000000000000e+00,0.000000000000000000e+00,0.000000000000000000e+00,0.000000000000000000e+00,0.000000000000000000e+00,0.000000000000000000e+00,0.000000000000000000e+00,0.000000000000000000e+00,0.000000000000000000e+00,0.000000000000000000e+00,0.000000000000000000e+00,0.000000000000000000e+00,0.000000000000000000e+00,0.000000000000000000e+00,0.000000000000000000e+00,0.000000000000000000e+00,0.000000000000000000e+00
8.062257748298548576e-02,0.000000000000000000e+00,0.000000000000000000e+00,0.000000000000000000e+00,8.062257748298548576e-02,0.000000000000000000e+00,8.062257748298548576e-02,0.000000000000000000e+00,8.062257748298548576e-02,8.062257748298548576e-02,0.000000000000000000e+00,0.000000000000000000e+00,8.062257748298548576e-02,0.000000000000000000e+00,8.062257748298548576e-02,0.000000000000000000e+00,0.000000000000000000e+00
1.612451549659709715e-01,0.000000000000000000e+00,0.000000000000000000e+00,0.000000000000000000e+00,1.612451549659709715e-01,0.000000000000000000e+00,1.612451549659709715e-01,0.000000000000000000e+00,1.612451549659709715e-01,1.612451549659709715e-01,0.000000000000000000e+00,0.000000000000000000e+00,1.612451549659709715e-01,0.000000000000000000e+00,1.612451549659709715e-01,0.000000000000000000e+00,0.000000000000000000e+00
2.418677324489564573e-01,0.000000000000000000e+00,0.000000000000000000e+00,0.000000000000000000e+00,2.418677324489564573e-01,0.000000000000000000e+00,2.418677324489564573e-01,0.000000000000000000e+00,2.418677324489564573e-01,2.418677324489564573e-01,0.000000000000000000e+00,0.000000000000000000e+00,2.418677324489564573e-01,0.000000000000000000e+00,2.418677324489564573e-01,0.000000000000000000e+00,0.000000000000000000e+00
3.224903099319419431e-01,0.000000000000000000e+00,0.000000000000000000e+00,0.000000000000000000e+00,3.224903099319419431e-01,0.000000000000000000e+00,3.224903099319419431e-01,0.000000000000000000e+00,3.224903099319419431e-01,3.224903099319419431e-01,0.000000000000000000e+00,0.000000000000000000e+00,3.224903099319419431e-01,0.000000000000000000e+00,3.224903099319419431e-01,0.000000000000000000e+00,0.000000000000000000e+00
4.031128874149274566e-01,0.000000000000000000e+00,0.000000000000000000e+00,0.000000000000000000e+00,4.031128874149274566e-01,0.000000000000000000e+00,4.031128874149274566e-01,0.000000000000000000e+00,4.031128874149274566e-01,4.031128874149274566e-01,0.000000000000000000e+00,0.000000000000000000e+00,4.031128874149274566e-01,0.000000000000000000e+00,4.031128874149274566e-01,0.000000000000000000e+00,0.000000000000000000e+00
4.837354648979129146e-01,0.000000000000000000e+00,0.000000000000000000e+00,0.000000000000000000e+00,4.837354648979129146e-01,0.000000000000000000e+00,4.837354648979129146e-01,0.000000000000000000e+00,4.837354648979129146e-01,4.837354648979129146e-01,0.000000000000000000e+00,0.000000000000000000e+00,4.837354648979129146e-01,0.000000000000000000e+00,4.837354648979129146e-01,0.000000000000000000e+00,0.000000000000000000e+00
5.643580423808983726e-01,0.000000000000000000e+00,0.000000000000000000e+00,0.000000000000000000e+00,4.356419576191016274e-01,0.000000000000000000e+00,4.356419576191016274e-01,0.000000000000000000e+00,4.356419576191016274e-01,4.356419576191016274e-01,0.000000000000000000e+00,0.000000000000000000e+00,4.356419576191016274e-01,0.000000000000000000e+00,4.356419576191016274e-01,0.000000000000000000e+00,0.000000000000000000e+00
6.449806198638838861e-01,0.000000000000000000e+00,0.000000000000000000e+00,0.000000000000000000e+00,3.550193801361161139e-01,0.000000000000000000e+00,3.550193801361161139e-01,0.000000000000000000e+00,3.550193801361161139e-01,3.550193801361161139e-01,0.000000000000000000e+00,0.000000000000000000e+00,3.550193801361161139e-01,0.000000000000000000e+00,3.550193801361161139e-01,0.000000000000000000e+00,0.000000000000000000e+00
7.256031973468693996e-01,0.000000000000000000e+00,0.000000000000000000e+00,0.000000000000000000e+00,2.743968026531306004e-01,0.000000000000000000e+00,2.743968026531306004e-01,0.000000000000000000e+00,2.743968026531306004e-01,2.743968026531306004e-01,0.000000000000000000e+00,0.000000000000000000e+00,2.743968026531306004e-01,0.000000000000000000e+00,2.743968026531306004e-01,0.000000000000000000e+00,0.000000000000000000e+00
8.062257748298549132e-01,0.000000000000000000e+00,0.000000000000000000e+00,0.000000000000000000e+00,1.937742251701450868e-01,0.000000000000000000e+00,1.937742251701450868e-01,0.000000000000000000e+00,1.937742251701450868e-01,1.937742251701450868e-01,0.000000000000000000e+00,0.000000000000000000e+00,1.937742251701450868e-01,0.000000000000000000e+00,1.937742251701450868e-01,0.000000000000000000e+00,0.000000000000000000e+00
8.868483523128403156e-01,0.000000000000000000e+00,0.000000000000000000e+00,0.000000000000000000e+00,1.131516476871596844e-01,0.000000000000000000e+00,1.131516476871596844e-01,0.000000000000000000e+00,1.131516476871596844e-01,1.131516476871596844e-01,0.000000000000000000e+00,0.000000000000000000e+00,1.131516476871596844e-01,0.000000000000000000e+00,1.131516476871596844e-01,0.000000000000000000e+00,0.000000000000000000e+00
9.674709297958258292e-01,0.000000000000000000e+00,0.000000000000000000e+00,0.000000000000000000e+00,3.252907020417417083e-02,0.000000000000000000e+00,3.252907020417417083e-02,0.000000000000000000e+00,3.252907020417417083e-02,3.252907020417417083e-02,0.000000000000000000e+00,0.000000000000000000e+00,3.252907020417417083e-02,0.000000000000000000e+00,3.252907020417417083e-02,0.000000000000000000e+00,0.000000000000000000e+00
1.048093507278811343e+00,0.000000000000000000e+00,0.000000000000000000e+00,0.000000000000000000e+00,4.809350727881134269e-02,4.809350727881134269e-02,4.809350727881134269e-02,0.000000000000000000e+00,4.809350727881134269e-02,4.809350727881134269e-02,4.809350727881134269e-02,0.000000000000000000e+00,4.809350727881134269e-02,0.000000000000000000e+00,0.000000000000000000e+00,0.000000000000000000e+00,4.809350727881134269e-02
1.128716084761796745e+00,0.000000000000000000e+00,0.000000000000000000e+00,0.000000000000000000e+00,1.287160847617967452e-01,1.287160847617967452e-01,1.287160847617967452e-01,0.000000000000000000e+00,1.287160847617967452e-01,1.287160847617967452e-01,1.287160847617967452e-01,0.000000000000000000e+00,1.287160847617967452e-01,0.000000000000000000e+00,0.000000000000000000e+00,0.000000000000000000e+00,1.287160847617967452e-01
1.209338662244782370e+00,0.000000000000000000e+00,0.000000000000000000e+00,0.000000000000000000e+00,2.048749001283127757e-01,2.048749001283127757e-01,2.048749001283127757e-01,0.000000000000000000e+00,2.048749001283127757e-01,2.048749001283127757e-01,2.048749001283127757e-01,0.000000000000000000e+00,2.048749001283127757e-01,0.000000000000000000e+00,0.000000000000000000e+00,0.000000000000000000e+00,2.048749001283127757e-01
1.289961239727767772e+00,0.000000000000000000e+00,0.000000000000000000e+00,0.000000000000000000e+00,1.242523226453273733e-01,1.242523226453273733e-01,1.242523226453273733e-01,0.000000000000000000e+00,1.242523226453273733e-01,1.242523226453273733e-01,1.242523226453273733e-01,0.000000000000000000e+00,1.242523226453273733e-01,0.000000000000000000e+00,0.000000000000000000e+00,0.000000000000000000e+00,1.242523226453273733e-01
1.370583817210753175e+00,0.000000000000000000e+00,0.000000000000000000e+00,0.000000000000000000e+00,4.362974516234197075e-02,4.362974516234197075e-02,4.362974516234197075e-02,0.000000000000000000e+00,4.362974516234197075e-02,4.362974516234197075e-02,4.362974516234197075e-02,0.000000000000000000e+00,4.362974516234197075e-02,0.000000000000000000e+00,0.000000000000000000e+00,0.000000000000000000e+00,4.362974516234197075e-02
1.451206394693738799e+00,0.000000000000000000e+00,3.699283232064365379e-02,0.000000000000000000e+00,3.699283232064365379e-02,3.699283232064365379e-02,3.699283232064365379e-02,3.699283232064365379e-02,3.699283232064365379e-02,0.000000000000000000e+00,3.699283232064365379e-02,0.000000000000000000e+00,3.699283232064365379e-02,0.000000000000000000e+00,3.699283232064365379e-02,3.699283232064365379e-02,3.699283232064365379e-02
1.531828972176724202e+00,0.000000000000000000e+00,1.176154098036290563e-01,0.000000000000000000e+00,1.176154098036290563e-01,1.176154098036290563e-01,1.176154098036290563e-01,1.176154098036290563e-01,1.176154098036290563e-01,0.000000000000000000e+00,1.176154098036290563e-01,0.000000000000000000e+00,1.176154098036290563e-01,0.000000000000000000e+00,1.176154098036290563e-01,1.176154098036290563e-01,1.176154098036290563e-01
1.612451549659709826e+00,0.000000000000000000e+00,1.982379872866146808e-01,0.000000000000000000e+00,1.982379872866146808e-01,1.195992579091673669e-01,1.195992579091673669e-01,1.195992579091673669e-01,1.195992579091673669e-01,0.000000000000000000e+00,1.195992579091673669e-01,0.000000000000000000e+00,1.195992579091673669e-01,0.000000000000000000e+00,1.195992579091673669e-01,1.195992579091673669e-01,1.195992579091673669e-01
1.693074127142695229e+00,0.000000000000000000e+00,2.788605647696000833e-01,0.000000000000000000e+00,2.788605647696000833e-01,3.897668042618196438e-02,3.897668042618196438e-02,3.897668042618196438e-02,3.897668042618196438e-02,0.000000000000000000e+00,3.897668042618196438e-02,0.000000000000000000e+00,3.897668042618196438e-02,0.000000000000000000e+00,3.897668042618196438e-02,3.897668042618196438e-02,3.897668042618196438e-02
1.773696704625680631e+00,0.000000000000000000e+00,2.263032953743193687e-01,0.000000000000000000e+00,2.263032953743193687e-01,4.164589705680343812e-02,4.164589705680343812e-02,4.164589705680343812e-02,4.164589705680343812e-02,4.164589705680343812e-02,4.164589705680343812e-02,0.000000000000000000e+00,0.000000000000000000e+00,0.000000000000000000e+00,4.164589705680343812e-02,0.000000000000000000e+00,4.164589705680343812e-02
1.854319282108666256e+00,0.000000000000000000e+00,1.456807178913337442e-01,0.000000000000000000e+00,1.456807178913337442e-01,1.222684745397890627e-01,1.222684745397890627e-01,1.222684745397890627e-01,1.222684745397890627e-01,1.222684745397890627e-01,1.222684745397890627e-01,0.000000000000000000e+00,0.000000000000000000e+00,0.000000000000000000e+00,1.222684745397890627e-01,0.000000000000000000e+00,1.222684745397890627e-01
1.934941859591651658e+00,0.000000000000000000e+00,2.028910520227744652e-01,0.000000000000000000e+00,6.505814040834834167e-02,6.505814040834834167e-02,6.505814040834834167e-02,6.505814040834834167e-02,2.028910520227744652e-01,2.028910520227744652e-01,2.028910520227744652e-01,0.000000000000000000e+00,0.000000000000000000e+00,0.000000000000000000e+00,2.028910520227744652e-01,0.000000000000000000e+00,2.028910520227744652e-01
2.015564437074637283e+00,0.000000000000000000e+00,2.205035404251525222e-01,0.000000000000000000e+00,1.556443707463728288e-02,0.000000000000000000e+00,0.000000000000000000e+00,0.000000000000000000e+00,2.205035404251525222e-01,2.205035404251525222e-01,2.205035404251525222e-01,0.000000000000000000e+00,0.000000000000000000e+00,0.000000000000000000e+00,2.205035404251525222e-01,1.556443707463728288e-02,2.205035404251525222e-01
2.096187014557622685e+00,0.000000000000000000e+00,1.398809629421671197e-01,0.000000000000000000e+00,9.618701455762268537e-02,0.000000000000000000e+00,0.000000000000000000e+00,0.000000000000000000e+00,1.398809629421671197e-01,1.398809629421671197e-01,1.398809629421671197e-01,0.000000000000000000e+00,0.000000000000000000e+00,0.000000000000000000e+00,1.398809629421671197e-01,9.618701455762268537e-02,1.398809629421671197e-01
2.176809592040608088e+00,0.000000000000000000e+00,5.925838545918171718e-02,0.000000000000000000e+00,5.925838545918171718e-02,0.000000000000000000e+00,0.000000000000000000e+00,0.000000000000000000e+00,5.925838545918171718e-02,5.925838545918171718e-02,5.925838545918171718e-02,0.000000000000000000e+00,0.000000000000000000e+00,0.000000000000000000e+00,5.925838545918171718e-02,5.925838545918171718e-02,5.925838545918171718e-02
2.257432169523593490e+00,0.000000000000000000e+00,2.136419202380368532e-02,0.000000000000000000e+00,2.136419202380368532e-02,2.136419202380368532e-02,2.136419202380368532e-02,0.000000000000000000e+00,2.136419202380368532e-02,2.136419202380368532e-02,2.136419202380368532e-02,0.000000000000000000e+00,2.136419202380368532e-02,0.000000000000000000e+00,2.136419202380368532e-02,0.000000000000000000e+00,2.136419202380368532e-02
2.338054747006578893e+00,0.000000000000000000e+00,1.019867695067890878e-01,0.000000000000000000e+00,1.019867695067890878e-01,1.019867695067890878e-01,1.019867695067890878e-01,0.000000000000000000e+00,1.019867695067890878e-01,1.019867695067890878e-01,1.019867695067890878e-01,0.000000000000000000e+00,1.019867695067890878e-01,0.000000000000000000e+00,1.019867695067890878e-01,0.000000000000000000e+00,1.019867695067890878e-01
2.418677324489564739e+00,0.000000000000000000e+00,3.081241829361314188e-02,0.000000000000000000e+00,1.826093469897749344e-01,3.081241829361314188e-02,3.081241829361314188e-02,0.000000000000000000e+00,3.081241829361314188e-02,3.081241829361314188e-02,3.081241829361314188e-02,0.000000000000000000e+00,3.081241829361314188e-02,0.000000000000000000e+00,1.826093469897749344e-01,0.000000000000000000e+00,1.826093469897749344e-01
2.499299901972550142e+00,0.000000000000000000e+00,4.981015918937226061e-02,0.000000000000000000e+00,2.632319244727603369e-01,0.000000000000000000e+00,4.981015918937226061e-02,0.000000000000000000e+00,0.000000000000000000e+00,4.981015918937226061e-02,0.000000000000000000e+00,0.000000000000000000e+00,0.000000000000000000e+00,0.000000000000000000e+00,2.632319244727603369e-01,4.981015918937226061e-02,2.632319244727603369e-01
2.579922479455535544e+00,0.000000000000000000e+00,1.304327366723576631e-01,0.000000000000000000e+00,2.485046452906547465e-01,0.000000000000000000e+00,1.304327366723576631e-01,0.000000000000000000e+00,0.000000000000000000e+00,1.304327366723576631e-01,0.000000000000000000e+00,0.000000000000000000e+00,0.000000000000000000e+00,0.000000000000000000e+00,2.485046452906547465e-01,1.304327366723576631e-01,2.485046452906547465e-01
2.660545056938520947e+00,0.000000000000000000e+00,2.110553141553430656e-01,0.000000000000000000e+00,1.678820678076693440e-01,0.000000000000000000e+00,1.678820678076693440e-01,0.000000000000000000e+00,0.000000000000000000e+00,1.678820678076693440e-01,0.000000000000000000e+00,0.000000000000000000e+00,0.000000000000000000e+00,0.000000000000000000e+00,1.678820678076693440e-01,2.110553141553430656e-01,2.110553141553430656e-01
2.741167634421506349e+00,0.000000000000000000e+00,2.588323655784936506e-01,0.000000000000000000e+00,8.725949032468394151e-02,0.000000000000000000e+00,8.725949032468394151e-02,0.000000000000000000e+00,0.000000000000000000e+00,8.725949032468394151e-02,0.000000000000000000e+00,0.000000000000000000e+00,0.000000000000000000e+00,0.000000000000000000e+00,8.725949032468394151e-02,2.588323655784936506e-01,2.588323655784936506e-01
2.821790211904492196e+00,0.000000000000000000e+00,1.782097880955078040e-01,0.000000000000000000e+00,6.636912841698094923e-03,0.000000000000000000e+00,6.636912841698094923e-03,0.000000000000000000e+00,0.000000000000000000e+00,6.636912841698094923e-03,0.000000000000000000e+00,0.000000000000000000e+00,0.000000000000000000e+00,0.000000000000000000e+00,6.636912841698094923e-03,1.782097880955078040e-01,1.782097880955078040e-01
2.902412789387477599e+00,7.398566464128730757e-02,9.758721061252240148e-02,7.398566464128730757e-02,7.398566464128730757e-02,7.398566464128730757e-02,0.000000000000000000e+00,0.000000000000000000e+00,7.398566464128730757e-02,7.398566464128730757e-02,7.398566464128730757e-02,0.000000000000000000e+00,7.398566464128730757e-02,0.000000000000000000e+00,7.398566464128730757e-02,9.758721061252240148e-02,9.758721061252240148e-02
2.983035366870463001e+00,1.696463312953699898e-02,1.696463312953699898e-02,1.696463312953699898e-02,1.696463312953699898e-02,1.696463312953699898e-02,0.000000000000000000e+00,0.000000000000000000e+00,1.696463312953699898e-02,1.696463312953699898e-02,1.546082421242727101e-01,0.000000000000000000e+00,1.696463312953699898e-02,0.000000000000000000e+00,1.696463312953699898e-02,1.696463312953699898e-02,1.696463312953699898e-02
3.063657944353448404e+00,0.000000000000000000e+00,6.365794435344840352e-02,6.365794435344840352e-02,6.365794435344840352e-02,6.365794435344840352e-02,0.000000000000000000e+00,0.000000000000000000e+00,0.000000000000000000e+00,6.365794435344840352e-02,9.861971581493111927e-02,0.000000000000000000e+00,6.365794435344840352e-02,6.365794435344840352e-02,6.365794435344840352e-02,6.365794435344840352e-02,6.365794435344840352e-02
3.144280521836433806e+00,0.000000000000000000e+00,1.442805218364338060e-01,1.442805218364338060e-01,1.442805218364338060e-01,1.442805218364338060e-01,0.000000000000000000e+00,0.000000000000000000e+00,0.000000000000000000e+00,1.442805218364338060e-01,1.442805218364338060e-01,0.000000000000000000e+00,1.799713833194571677e-02,1.799713833194571677e-02,1.442805218364338060e-01,1.442805218364338060e-01,1.442805218364338060e-01
3.224903099319419653e+00,6.262543915104012981e-02,9.172169103598015738e-02,9.172169103598015738e-02,9.172169103598015738e-02,9.172169103598015738e-02,0.000000000000000000e+00,0.000000000000000000e+00,0.000000000000000000e+00,9.172169103598015738e-02,9.172169103598015738e-02,0.000000000000000000e+00,0.000000000000000000e+00,0.000000000000000000e+00,9.172169103598015738e-02,9.172169103598015738e-02,2.249030993194196526e-01
3.305525676802405055e+00,1.109911355299475488e-02,1.109911355299475488e-02,1.109911355299475488e-02,1.109911355299475488e-02,1.109911355299475488e-02,0.000000000000000000e+00,0.000000000000000000e+00,0.000000000000000000e+00,1.109911355299475488e-02,1.432480166340255323e-01,0.000000000000000000e+00,0.000000000000000000e+00,0.000000000000000000e+00,1.109911355299475488e-02,1.109911355299475488e-02,1.585759383353493313e-01
3.386148254285390458e+00,0.000000000000000000e+00,6.952346392999064761e-02,6.952346392999064761e-02,6.952346392999064761e-02,6.952346392999064761e-02,0.000000000000000000e+00,6.952346392999064761e-02,0.000000000000000000e+00,6.952346392999064761e-02,2.194030211785986673e-01,0.000000000000000000e+00,0.000000000000000000e+00,0.000000000000000000e+00,0.000000000000000000e+00,0.000000000000000000e+00,7.795336085236392876e-02
3.466770831768375860e+00,0.000000000000000000e+00,1.501460414129760501e-01,0.000000000000000000e+00,0.000000000000000000e+00,1.501460414129760501e-01,0.000000000000000000e+00,1.501460414129760501e-01,2.669216630621473740e-03,1.387804436956132648e-01,1.387804436956132648e-01,0.000000000000000000e+00,0.000000000000000000e+00,2.669216630621473740e-03,0.000000000000000000e+00,0.000000000000000000e+00,1.387804436956132648e-01
3.547393409251361263e+00,0.000000000000000000e+00,1.942639775225800669e-01,0.000000000000000000e+00,0.000000000000000000e+00,1.942639775225800669e-01,0.000000000000000000e+00,1.942639775225800669e-01,5.815786621262786227e-02,5.815786621262786227e-02,5.815786621262786227e-02,0.000000000000000000e+00,0.000000000000000000e+00,5.815786621262786227e-02,0.000000000000000000e+00,0.000000000000000000e+00,5.815786621262786227e-02
3.628015986734346665e+00,2.246471127035754023e-02,1.136414000395946644e-01,2.246471127035754023e-02,2.246471127035754023e-02,1.136414000395946644e-01,0.000000000000000000e+00,1.136414000395946644e-01,0.000000000000000000e+00,2.246471127035754023e-02,2.246471127035754023e-02,2.246471127035754023e-02,0.000000000000000000e+00,2.246471127035754023e-02,0.000000000000000000e+00,0.000000000000000000e+00,0.000000000000000000e+00
3.708638564217332512e+00,3.301882255660881782e-02,3.301882255660881782e-02,3.301882255660881782e-02,3.301882255660881782e-02,3.301882255660881782e-02,0.000000000000000000e+00,3.301882255660881782e-02,0.000000000000000000e+00,3.301882255660881782e-02,3.301882255660881782e-02,3.301882255660881782e-02,0.000000000000000000e+00,3.301882255660881782e-02,0.000000000000000000e+00,0.000000000000000000e+00,0.000000000000000000e+00
3.789261141700317914e+00,4.760375492637658468e-02,0.000000000000000000e+00,4.760375492637658468e-02,0.000000000000000000e+00,4.760375492637658468e-02,0.000000000000000000e+00,4.760375492637658468e-02,0.000000000000000000e+00,0.000000000000000000e+00,4.760375492637658468e-02,0.000000000000000000e+00,0.000000000000000000e+00,4.760375492637658468e-02,0.000000000000000000e+00,0.000000000000000000e+00,4.760375492637658468e-02
3.869883719183303317e+00,1.282263324093619872e-01,0.000000000000000000e+00,1.282263324093619872e-01,0.000000000000000000e+00,1.282263324093619872e-01,0.000000000000000000e+00,1.282263324093619872e-01,0.000000000000000000e+00,0.000000000000000000e+00,1.282263324093619872e-01,0.000000000000000000e+00,0.000000000000000000e+00,1.282263324093619872e-01,0.000000000000000000e+00,0.000000000000000000e+00,1.282263324093619872e-01
3.950506296666288719e+00,1.725993289513718665e-01,0.000000000000000000e+00,1.725993289513718665e-01,0.000000000000000000e+00,1.725993289513718665e-01,0.000000000000000000e+00,1.725993289513718665e-01,0.000000000000000000e+00,0.000000000000000000e+00,1.725993289513718665e-01,0.000000000000000000e+00,0.000000000000000000e+00,4.949370333371128083e-02,0.000000000000000000e+00,0.000000000000000000e+00,1.725993289513718665e-01
4.031128874149274566e+00,9.197675146838601989e-02,0.000000000000000000e+00,9.197675146838601989e-02,0.000000000000000000e+00,9.197675146838601989e-02,0.000000000000000000e+00,9.197675146838601989e-02,0.000000000000000000e+00,0.000000000000000000e+00,9.197675146838601989e-02,0.000000000000000000e+00,0.000000000000000000e+00,0.000000000000000000e+00,0.000000000000000000e+00,0.000000000000000000e+00,9.197675146838601989e-02
4.111751451632259524e+00,1.135417398540106149e-02,0.000000000000000000e+00,1.117514516322595242e-01,0.000000000000000000e+00,1.135417398540106149e-02,0.000000000000000000e+00,1.135417398540106149e-02,0.000000000000000000e+00,0.000000000000000000e+00,1.135417398540106149e-02,0.000000000000000000e+00,0.000000000000000000e+00,0.000000000000000000e+00,0.000000000000000000e+00,0.000000000000000000e+00,1.135417398540106149e-02
4.192374029115245371e+00,6.926840349758478510e-02,6.926840349758478510e-02,1.923740291152453707e-01,0.000000000000000000e+00,6.926840349758478510e-02,0.000000000000000000e+00,0.000000000000000000e+00,5.026665800403939954e-02,0.000000000000000000e+00,5.026665800403939954e-02,5.026665800403939954e-02,0.000000000000000000e+00,5.026665800403939954e-02,0.000000000000000000e+00,0.000000000000000000e+00,0.000000000000000000e+00
4.272996606598230329e+00,1.498909809805697435e-01,8.590233694244364671e-02,1.991393484013492809e-01,0.000000000000000000e+00,8.590233694244364671e-02,0.000000000000000000e+00,0.000000000000000000e+00,3.035591947894555886e-02,0.000000000000000000e+00,3.035591947894555886e-02,0.000000000000000000e+00,3.035591947894555886e-02,0.000000000000000000e+00,3.035591947894555886e-02,3.035591947894555886e-02,3.035591947894555886e-02
4.353619184081216176e+00,2.289565108746236533e-01,5.279759459457800119e-03,2.289565108746236533e-01,0.000000000000000000e+00,1.109784969619314055e-01,0.000000000000000000e+00,0.000000000000000000e+00,5.279759459457800119e-03,0.000000000000000000e+00,5.279759459457800119e-03,0.000000000000000000e+00,5.279759459457800119e-03,0.000000000000000000e+00,1.109784969619314055e-01,1.109784969619314055e-01,5.279759459457800119e-03
4.434241761564202022e+00,1.483339333916378067e-01,7.534281802352804647e-02,1.483339333916378067e-01,0.000000000000000000e+00,1.483339333916378067e-01,0.000000000000000000e+00,0.000000000000000000e+00,0.000000000000000000e+00,0.000000000000000000e+00,0.000000000000000000e+00,7.534281802352804647e-02,0.000000000000000000e+00,0.000000000000000000e+00,3.789419343537758778e-02,3.789419343537758778e-02,0.000000000000000000e+00
4.514864339047186981e+00,6.771135590865284826e-02,6.771135590865284826e-02,6.771135590865284826e-02,0.000000000000000000e+00,6.771135590865284826e-02,0.000000000000000000e+00,0.000000000000000000e+00,0.000000000000000000e+00,0.000000000000000000e+00,0.000000000000000000e+00,6.771135590865284826e-02,0.000000000000000000e+00,0.000000000000000000e+00,0.000000000000000000e+00,4.272838404760737063e-02,0.000000000000000000e+00
4.595486916530172827e+00,1.291122157433299833e-02,0.000000000000000000e+00,1.291122157433299833e-02,0.000000000000000000e+00,0.000000000000000000e+00,0.000000000000000000e+00,0.000000000000000000e+00,0.000000000000000000e+00,0.000000000000000000e+00,0.000000000000000000e+00,1.291122157433299833e-02,0.000000000000000000e+00,0.000000000000000000e+00,0.000000000000000000e+00,1.291122157433299833e-02,0.000000000000000000e+00
4.676109494013157786e+00,9.353379905731795674e-02,0.000000000000000000e+00,1.430626581027194533e-02,0.000000000000000000e+00,0.000000000000000000e+00,0.000000000000000000e+00,0.000000000000000000e+00,0.000000000000000000e+00,0.000000000000000000e+00,0.000000000000000000e+00,9.353379905731795674e-02,0.000000000000000000e+00,0.000000000000000000e+00,0.000000000000000000e+00,9.353379905731795674e-02,0.000000000000000000e+00
4.756732071496143632e+00,1.422474140702121304e-01,0.000000000000000000e+00,6.631631167271390126e-02,0.000000000000000000e+00,6.631631167271390126e-02,0.000000000000000000e+00,0.000000000000000000e+00,6.631631167271390126e-02,0.000000000000000000e+00,0.000000000000000000e+00,1.422474140702121304e-01,0.000000000000000000e+00,6.631631167271390126e-02,0.000000000000000000e+00,1.422474140702121304e-01,0.000000000000000000e+00
4.837354648979129479e+00,6.162483658722628377e-02,0.000000000000000000e+00,6.162483658722628377e-02,0.000000000000000000e+00,6.162483658722628377e-02,0.000000000000000000e+00,0.000000000000000000e+00,6.162483658722628377e-02,0.000000000000000000e+00,0.000000000000000000e+00,6.162483658722628377e-02,0.000000000000000000e+00,6.162483658722628377e-02,0.000000000000000000e+00,6.162483658722628377e-02,0.000000000000000000e+00
4.917977226462114437e+00,1.899774089575867464e-02,0.000000000000000000e+00,0.000000000000000000e+00,0.000000000000000000e+00,1.899774089575867464e-02,0.000000000000000000e+00,0.000000000000000000e+00,0.000000000000000000e+00,0.000000000000000000e+00,0.000000000000000000e+00,0.000000000000000000e+00,0.000000000000000000e+00,0.000000000000000000e+00,0.000000000000000000e+00,1.899774089575867464e-02,0.000000000000000000e+00
4.998599803945100284e+00,9.962031837874452123e-02,0.000000000000000000e+00,0.000000000000000000e+00,0.000000000000000000e+00,1.400196054899716103e-03,0.000000000000000000e+00,0.000000000000000000e+00,0.000000000000000000e+00,0.000000000000000000e+00,0.000000000000000000e+00,0.000000000000000000e+00,0.000000000000000000e+00,0.000000000000000000e+00,0.000000000000000000e+00,9.962031837874452123e-02,0.000000000000000000e+00
5.079222381428085242e+00,1.979713216469924930e-02,1.979713216469924930e-02,1.979713216469924930e-02,0.000000000000000000e+00,0.000000000000000000e+00,0.000000000000000000e+00,0.000000000000000000e+00,0.000000000000000000e+00,1.979713216469924930e-02,0.000000000000000000e+00,1.979713216469924930e-02,0.000000000000000000e+00,1.979713216469924930e-02,0.000000000000000000e+00,1.979713216469924930e-02,0.000000000000000000e+00
5.159844958911071089e+00,6.082544531828659728e-02,0.000000000000000000e+00,0.000000000000000000e+00,0.000000000000000000e+00,0.000000000000000000e+00,0.000000000000000000e+00,3.630746379556093473e-02,0.000000000000000000e+00,0.000000000000000000e+00,0.000000000000000000e+00,0.000000000000000000e+00,0.000000000000000000e+00,3.630746379556093473e-02,0.000000000000000000e+00,6.082544531828659728e-02,0.000000000000000000e+00
5.240467536394056935e+00,1.414480228012724439e-01,0.000000000000000000e+00,4.431511368742491186e-02,0.000000000000000000e+00,0.000000000000000000e+00,0.000000000000000000e+00,4.431511368742491186e-02,0.000000000000000000e+00,0.000000000000000000e+00,0.000000000000000000e+00,4.431511368742491186e-02,0.000000000000000000e+00,0.000000000000000000e+00,0.000000000000000000e+00,1.414480228012724439e-01,0.000000000000000000e+00
5.321090113877041894e+00,6.407469325746184552e-02,0.000000000000000000e+00,1.249376911704098703e-01,0.000000000000000000e+00,0.000000000000000000e+00,0.000000000000000000e+00,6.407469325746184552e-02,0.000000000000000000e+00,0.000000000000000000e+00,0.000000000000000000e+00,6.407469325746184552e-02,0.000000000000000000e+00,0.000000000000000000e+00,0.000000000000000000e+00,6.407469325746184552e-02,0.000000000000000000e+00
5.401712691360027740e+00,1.654788422552400107e-02,0.000000000000000000e+00,7.551288369163344782e-02,0.000000000000000000e+00,0.000000000000000000e+00,0.000000000000000000e+00,1.654788422552400107e-02,0.000000000000000000e+00,0.000000000000000000e+00,0.000000000000000000e+00,0.000000000000000000e+00,0.000000000000000000e+00,1.654788422552400107e-02,0.000000000000000000e+00,0.000000000000000000e+00,0.000000000000000000e+00
5.482335268843012699e+00,5.109693791351510583e-03,0.000000000000000000e+00,9.717046170850895948e-02,0.000000000000000000e+00,0.000000000000000000e+00,0.000000000000000000e+00,9.717046170850895948e-02,0.000000000000000000e+00,0.000000000000000000e+00,0.000000000000000000e+00,0.000000000000000000e+00,0.000000000000000000e+00,0.000000000000000000e+00,0.000000000000000000e+00,5.109693791351510583e-03,0.000000000000000000e+00
5.562957846325998545e+00,8.573227127433735717e-02,0.000000000000000000e+00,9.389640316638203643e-02,0.000000000000000000e+00,0.000000000000000000e+00,0.000000000000000000e+00,1.777930391914948061e-01,0.000000000000000000e+00,0.000000000000000000e+00,0.000000000000000000e+00,0.000000000000000000e+00,0.000000000000000000e+00,0.000000000000000000e+00,0.000000000000000000e+00,8.573227127433735717e-02,0.000000000000000000e+00
5.643580423808984392e+00,1.009822227290442243e-01,0.000000000000000000e+00,1.663548487573232038e-01,0.000000000000000000e+00,0.000000000000000000e+00,0.000000000000000000e+00,1.009822227290442243e-01,0.000000000000000000e+00,0.000000000000000000e+00,0.000000000000000000e+00,0.000000000000000000e+00,0.000000000000000000e+00,0.000000000000000000e+00,0.000000000000000000e+00,1.009822227290442243e-01,0.000000000000000000e+00
5.724203001291969350e+00,2.035964524605926584e-02,0.000000000000000000e+00,1.067488935533313921e-01,0.000000000000000000e+00,0.000000000000000000e+00,0.000000000000000000e+00,2.035964524605926584e-02,0.000000000000000000e+00,0.000000000000000000e+00,0.000000000000000000e+00,2.035964524605926584e-02,0.000000000000000000e+00,2.035964524605926584e-02,0.000000000000000000e+00,2.035964524605926584e-02,0.000000000000000000e+00
5.804825578774955197e+00,6.026293223692658074e-02,0.000000000000000000e+00,2.612631607034554548e-02,0.000000000000000000e+00,0.000000000000000000e+00,0.000000000000000000e+00,2.612631607034554548e-02,0.000000000000000000e+00,0.000000000000000000e+00,0.000000000000000000e+00,2.612631607034554548e-02,0.000000000000000000e+00,6.026293223692658074e-02,0.000000000000000000e+00,0.000000000000000000e+00,0.000000000000000000e+00
5.885448156257940155e+00,3.063162684167597405e-02,0.000000000000000000e+00,3.063162684167597405e-02,0.000000000000000000e+00,0.000000000000000000e+00,0.000000000000000000e+00,5.449626141263941292e-02,0.000000000000000000e+00,0.000000000000000000e+00,3.063162684167597405e-02,5.449626141263941292e-02,0.000000000000000000e+00,3.063162684167597405e-02,0.000000000000000000e+00,3.063162684167597405e-02,0.000000000000000000e+00
5.966070733740926002e+00,0.000000000000000000e+00,0.000000000000000000e+00,3.392926625907399796e-02,0.000000000000000000e+00,0.000000000000000000e+00,0.000000000000000000e+00,1.166917965572933369e-01,0.000000000000000000e+00,0.000000000000000000e+00,0.000000000000000000e+00,4.999095064130987254e-02,0.000000000000000000e+00,4.999095064130987254e-02,0.000000000000000000e+00,0.000000000000000000e+00,0.000000000000000000e+00
6.046693311223911849e+00,0.000000000000000000e+00,0.000000000000000000e+00,0.000000000000000000e+00,0.000000000000000000e+00,0.000000000000000000e+00,0.000000000000000000e+00,1.177206917450641654e-01,0.000000000000000000e+00,0.000000000000000000e+00,0.000000000000000000e+00,1.177206917450641654e-01,0.000000000000000000e+00,1.177206917450641654e-01,0.000000000000000000e+00,0.000000000000000000e+00,0.000000000000000000e+00
6.127315888706896807e+00,0.000000000000000000e+00,0.000000000000000000e+00,3.709811426207920704e-02,0.000000000000000000e+00,0.000000000000000000e+00,0.000000000000000000e+00,3.709811426207920704e-02,0.000000000000000000e+00,0.000000000000000000e+00,0.000000000000000000e+00,3.709811426207920704e-02,0.000000000000000000e+00,3.709811426207920704e-02,0.000000000000000000e+00,0.000000000000000000e+00,0.000000000000000000e+00
6.207938466189882654e+00,0.000000000000000000e+00,0.000000000000000000e+00,4.352446322090663955e-02,0.000000000000000000e+00,0.000000000000000000e+00,0.000000000000000000e+00,4.352446322090663955e-02,0.000000000000000000e+00,0.000000000000000000e+00,0.000000000000000000e+00,4.352446322090663955e-02,0.000000000000000000e+00,4.352446322090663955e-02,0.000000000000000000e+00,0.000000000000000000e+00,0.000000000000000000e+00
6.288561043672867612e+00,0.000000000000000000e+00,0.000000000000000000e+00,1.145631937599809191e-01,0.000000000000000000e+00,0.000000000000000000e+00,0.000000000000000000e+00,1.145631937599809191e-01,0.000000000000000000e+00,0.000000000000000000e+00,0.000000000000000000e+00,3.599427666389143354e-02,0.000000000000000000e+00,1.145631937599809191e-01,0.000000000000000000e+00,0.000000000000000000e+00,0.000000000000000000e+00
6.369183621155853459e+00,0.000000000000000000e+00,0.000000000000000000e+00,3.394061627699507255e-02,0.000000000000000000e+00,0.000000000000000000e+00,0.000000000000000000e+00,3.394061627699507255e-02,0.000000000000000000e+00,0.000000000000000000e+00,0.000000000000000000e+00,3.394061627699507255e-02,0.000000000000000000e+00,3.394061627699507255e-02,0.000000000000000000e+00,0.000000000000000000e+00,0.000000000000000000e+00
6.449806198638839305e+00,0.000000000000000000e+00,0.000000000000000000e+00,0.000000000000000000e+00,0.000000000000000000e+00,0.000000000000000000e+00,0.000000000000000000e+00,4.668196120599077403e-02,0.000000000000000000e+00,0.000000000000000000e+00,0.000000000000000000e+00,3.093449976902107323e-02,0.000000000000000000e+00,4.668196120599077403e-02,0.000000000000000000e+00,0.000000000000000000e+00,0.000000000000000000e+00
6.530428776121824264e+00,0.000000000000000000e+00,0.000000000000000000e+00,0.000000000000000000e+00,0.000000000000000000e+00,0.000000000000000000e+00,0.000000000000000000e+00,4.968807771396388517e-02,0.000000000000000000e+00,0.000000000000000000e+00,0.000000000000000000e+00,0.000000000000000000e+00,0.000000000000000000e+00,4.968807771396388517e-02,0.000000000000000000e+00,0.000000000000000000e+00,0.000000000000000000e+00
6.611051353604810110e+00,0.000000000000000000e+00,0.000000000000000000e+00,0.000000000000000000e+00,0.000000000000000000e+00,0.000000000000000000e+00,0.000000000000000000e+00,2.219822710598950977e-02,0.000000000000000000e+00,0.000000000000000000e+00,0.000000000000000000e+00,5.361282930280975023e-02,0.000000000000000000e+00,9.715257889455930496e-02,0.000000000000000000e+00,0.000000000000000000e+00,0.000000000000000000e+00
6.691673931087795069e+00,0.000000000000000000e+00,0.000000000000000000e+00,0.000000000000000000e+00,0.000000000000000000e+00,0.000000000000000000e+00,0.000000000000000000e+00,0.000000000000000000e+00,0.000000000000000000e+00,0.000000000000000000e+00,0.000000000000000000e+00,1.653000141157434655e-02,0.000000000000000000e+00,1.653000141157434655e-02,0.000000000000000000e+00,0.000000000000000000e+00,0.000000000000000000e+00
6.772296508570780915e+00,0.000000000000000000e+00,0.000000000000000000e+00,0.000000000000000000e+00,0.000000000000000000e+00,0.000000000000000000e+00,0.000000000000000000e+00,1.003347455448722059e-02,0.000000000000000000e+00,0.000000000000000000e+00,0.000000000000000000e+00,6.409257607141150004e-02,0.000000000000000000e+00,0.000000000000000000e+00,0.000000000000000000e+00,0.000000000000000000e+00,0.000000000000000000e+00
6.852919086053765874e+00,0.000000000000000000e+00,0.000000000000000000e+00,0.000000000000000000e+00,0.000000000000000000e+00,0.000000000000000000e+00,0.000000000000000000e+00,0.000000000000000000e+00,0.000000000000000000e+00,0.000000000000000000e+00,0.000000000000000000e+00,1.447151535543964584e-01,0.000000000000000000e+00,7.058910292849773782e-02,0.000000000000000000e+00,0.000000000000000000e+00,0.000000000000000000e+00
6.933541663536751720e+00,0.000000000000000000e+00,0.000000000000000000e+00,0.000000000000000000e+00,0.000000000000000000e+00,0.000000000000000000e+00,0.000000000000000000e+00,0.000000000000000000e+00,0.000000000000000000e+00,0.000000000000000000e+00,0.000000000000000000e+00,2.253377310373823050e-01,0.000000000000000000e+00,0.000000000000000000e+00,0.000000000000000000e+00,0.000000000000000000e+00,0.000000000000000000e+00
7.014164241019737567e+00,0.000000000000000000e+00,0.000000000000000000e+00,0.000000000000000000e+00,0.000000000000000000e+00,0.000000000000000000e+00,0.000000000000000000e+00,0.000000000000000000e+00,0.000000000000000000e+00,0.000000000000000000e+00,0.000000000000000000e+00,1.969383099082406829e-01,0.000000000000000000e+00,0.000000000000000000e+00,0.000000000000000000e+00,1.416424101973756677e-02,0.000000000000000000e+00
7.094786818502722525e+00,0.000000000000000000e+00,0.000000000000000000e+00,0.000000000000000000e+00,0.000000000000000000e+00,0.000000000000000000e+00,0.000000000000000000e+00,0.000000000000000000e+00,0.000000000000000000e+00,0.000000000000000000e+00,0.000000000000000000e+00,1.163157324252557245e-01,0.000000000000000000e+00,0.000000000000000000e+00,0.000000000000000000e+00,0.000000000000000000e+00,0.000000000000000000e+00
7.175409395985708372e+00,0.000000000000000000e+00,0.000000000000000000e+00,0.000000000000000000e+00,0.000000000000000000e+00,0.000000000000000000e+00,0.000000000000000000e+00,0.000000000000000000e+00,0.000000000000000000e+00,0.000000000000000000e+00,0.000000000000000000e+00,3.569315494226987795e-02,0.000000000000000000e+00,0.000000000000000000e+00,0.000000000000000000e+00,0.000000000000000000e+00,0.000000000000000000e+00
7.256031973468693330e+00,2.407791581182472385e-02,0.000000000000000000e+00,0.000000000000000000e+00,0.000000000000000000e+00,0.000000000000000000e+00,0.000000000000000000e+00,0.000000000000000000e+00,0.000000000000000000e+00,0.000000000000000000e+00,0.000000000000000000e+00,2.407791581182472385e-02,0.000000000000000000e+00,0.000000000000000000e+00,0.000000000000000000e+00,0.000000000000000000e+00,0.000000000000000000e+00
7.336654550951679177e+00,0.000000000000000000e+00,0.000000000000000000e+00,5.654466167116112274e-02,0.000000000000000000e+00,0.000000000000000000e+00,0.000000000000000000e+00,0.000000000000000000e+00,0.000000000000000000e+00,0.000000000000000000e+00,0.000000000000000000e+00,0.000000000000000000e+00,0.000000000000000000e+00,0.000000000000000000e+00,0.000000000000000000e+00,0.000000000000000000e+00,0.000000000000000000e+00
7.417277128434665023e+00,0.000000000000000000e+00,0.000000000000000000e+00,6.603764511321763564e-02,0.000000000000000000e+00,0.000000000000000000e+00,0.000000000000000000e+00,0.000000000000000000e+00,0.000000000000000000e+00,0.000000000000000000e+00,0.000000000000000000e+00,0.000000000000000000e+00,0.000000000000000000e+00,0.000000000000000000e+00,0.000000000000000000e+00,0.000000000000000000e+00,0.000000000000000000e+00
7.497899705917649982e+00,0.000000000000000000e+00,0.000000000000000000e+00,0.000000000000000000e+00,0.000000000000000000e+00,0.000000000000000000e+00,0.000000000000000000e+00,0.000000000000000000e+00,0.000000000000000000e+00,0.000000000000000000e+00,0.000000000000000000e+00,0.000000000000000000e+00,0.000000000000000000e+00,0.000000000000000000e+00,0.000000000000000000e+00,0.000000000000000000e+00,0.000000000000000000e+00
7.578522283400635828e+00,0.000000000000000000e+00,0.000000000000000000e+00,0.000000000000000000e+00,0.000000000000000000e+00,0.000000000000000000e+00,0.000000000000000000e+00,0.000000000000000000e+00,0.000000000000000000e+00,0.000000000000000000e+00,0.000000000000000000e+00,0.000000000000000000e+00,0.000000000000000000e+00,0.000000000000000000e+00,0.000000000000000000e+00,0.000000000000000000e+00,0.000000000000000000e+00
7.659144860883620787e+00,0.000000000000000000e+00,0.000000000000000000e+00,0.000000000000000000e+00,0.000000000000000000e+00,0.000000000000000000e+00,0.000000000000000000e+00,0.000000000000000000e+00,0.000000000000000000e+00,0.000000000000000000e+00,0.000000000000000000e+00,0.000000000000000000e+00,0.000000000000000000e+00,0.000000000000000000e+00,0.000000000000000000e+00,0.000000000000000000e+00,0.000000000000000000e+00
7.739767438366606633e+00,0.000000000000000000e+00,0.000000000000000000e+00,0.000000000000000000e+00,0.000000000000000000e+00,0.000000000000000000e+00,0.000000000000000000e+00,0.000000000000000000e+00,0.000000000000000000e+00,0.000000000000000000e+00,0.000000000000000000e+00,0.000000000000000000e+00,0.000000000000000000e+00,0.000000000000000000e+00,0.000000000000000000e+00,0.000000000000000000e+00,0.000000000000000000e+00
7.820390015849592480e+00,0.000000000000000000e+00,0.000000000000000000e+00,0.000000000000000000e+00,0.000000000000000000e+00,0.000000000000000000e+00,0.000000000000000000e+00,0.000000000000000000e+00,0.000000000000000000e+00,0.000000000000000000e+00,0.000000000000000000e+00,0.000000000000000000e+00,0.000000000000000000e+00,0.000000000000000000e+00,0.000000000000000000e+00,0.000000000000000000e+00,0.000000000000000000e+00
7.901012593332577438e+00,0.000000000000000000e+00,0.000000000000000000e+00,0.000000000000000000e+00,0.000000000000000000e+00,0.000000000000000000e+00,0.000000000000000000e+00,0.000000000000000000e+00,0.000000000000000000e+00,0.000000000000000000e+00,0.000000000000000000e+00,0.000000000000000000e+00,0.000000000000000000e+00,0.000000000000000000e+00,0.000000000000000000e+00,0.000000000000000000e+00,0.000000000000000000e+00
7.981635170815563285e+00,0.000000000000000000e+00,0.000000000000000000e+00,0.000000000000000000e+00,0.000000000000000000e+00,0.000000000000000000e+00,0.000000000000000000e+00,0.000000000000000000e+00,0.000000000000000000e+00,0.000000000000000000e+00,0.000000000000000000e+00,0.000000000000000000e+00,0.000000000000000000e+00,0.000000000000000000e+00,0.000000000000000000e+00,0.000000000000000000e+00,0.000000000000000000e+00
8.062257748298549132e+00,0.000000000000000000e+00,0.000000000000000000e+00,0.000000000000000000e+00,0.000000000000000000e+00,0.000000000000000000e+00,0.000000000000000000e+00,0.000000000000000000e+00,0.000000000000000000e+00,0.000000000000000000e+00,0.000000000000000000e+00,0.000000000000000000e+00,0.000000000000000000e+00,0.000000000000000000e+00,0.000000000000000000e+00,0.000000000000000000e+00,0.000000000000000000e+00
